-- MySQL dump 10.13  Distrib 8.0.43, for macos15 (arm64)
--
-- Host: localhost    Database: sql1
-- ------------------------------------------------------
-- Server version	9.3.0

/*!40101 SET @OLD_CHARACTER_SET_CLIENT=@@CHARACTER_SET_CLIENT */;
/*!40101 SET @OLD_CHARACTER_SET_RESULTS=@@CHARACTER_SET_RESULTS */;
/*!40101 SET @OLD_COLLATION_CONNECTION=@@COLLATION_CONNECTION */;
/*!50503 SET NAMES utf8 */;
/*!40103 SET @OLD_TIME_ZONE=@@TIME_ZONE */;
/*!40103 SET TIME_ZONE='+00:00' */;
/*!40014 SET @OLD_UNIQUE_CHECKS=@@UNIQUE_CHECKS, UNIQUE_CHECKS=0 */;
/*!40014 SET @OLD_FOREIGN_KEY_CHECKS=@@FOREIGN_KEY_CHECKS, FOREIGN_KEY_CHECKS=0 */;
/*!40101 SET @OLD_SQL_MODE=@@SQL_MODE, SQL_MODE='NO_AUTO_VALUE_ON_ZERO' */;
/*!40111 SET @OLD_SQL_NOTES=@@SQL_NOTES, SQL_NOTES=0 */;

--
-- Table structure for table `airline_stats`
--

DROP TABLE IF EXISTS `airline_stats`;
/*!40101 SET @saved_cs_client     = @@character_set_client */;
/*!50503 SET character_set_client = utf8mb4 */;
CREATE TABLE `airline_stats` (
  `iata_code` varchar(10) NOT NULL,
  `ebit_usd` decimal(15,2) DEFAULT NULL,
  `load_factor` decimal(5,2) DEFAULT NULL,
  `num_routes` int DEFAULT NULL,
  `passenger_yield` decimal(10,2) DEFAULT NULL,
  `ask` decimal(15,2) DEFAULT NULL,
  `avg_fleet_age` decimal(5,2) DEFAULT NULL,
  `fleet_size` int DEFAULT NULL,
  `aircraft_utilisation` decimal(5,2) DEFAULT NULL,
  PRIMARY KEY (`iata_code`),
  CONSTRAINT `airline_stats_ibfk_1` FOREIGN KEY (`iata_code`) REFERENCES `airlines` (`iata_code`)
) ENGINE=InnoDB DEFAULT CHARSET=utf8mb4 COLLATE=utf8mb4_0900_ai_ci;
/*!40101 SET character_set_client = @saved_cs_client */;

--
-- Dumping data for table `airline_stats`
--

LOCK TABLES `airline_stats` WRITE;
/*!40000 ALTER TABLE `airline_stats` DISABLE KEYS */;
INSERT INTO `airline_stats` VALUES ('3H',791872105.89,0.81,255,0.09,99137152426.41,10.04,220,10.06),('3M',791872105.89,0.81,255,0.09,99137152426.41,10.04,220,10.06),('5J',154889735.00,0.84,104,0.05,27573157304.00,5.90,88,10.06),('6E',1216149848.00,0.82,400,0.07,114359000000.00,3.50,300,16.00),('9C',791872105.89,0.81,255,0.09,99137152426.41,10.04,220,10.06),('9E',791872105.89,0.81,255,0.09,99137152426.41,10.04,220,10.06),('AC',1720000000.00,0.87,255,0.11,61536000000.00,11.90,243,10.06),('AD',596840322.00,0.80,160,0.10,44006000000.00,7.40,183,10.00),('AF',791872105.89,0.81,255,0.09,99137152426.41,10.04,220,10.06),('AI',791872105.89,0.81,255,0.09,99137152426.41,10.04,220,10.06),('AK',104259000.00,0.80,255,0.03,15604000000.00,12.10,18,10.06),('AM',791872105.89,0.81,255,0.09,99137152426.41,10.04,220,10.06),('AS',394000000.00,0.84,255,0.10,110255000000.00,8.40,314,11.40),('AV',618544000.00,0.82,147,0.08,54706000000.00,9.30,140,10.06),('AZ',791872105.89,0.81,255,0.09,99137152426.41,10.04,220,10.06),('B6',-230000000.00,0.83,255,0.10,110235000000.00,12.30,300,10.06),('BR',962786980.00,0.83,255,0.09,60905046000.00,10.04,87,10.06),('BT',88623000.00,0.77,126,0.09,8213000000.00,3.10,46,6.90),('CI',214736800.00,0.79,300,0.10,48984014000.00,10.04,84,10.06),('CX',1664200000.00,0.86,180,0.10,85607000000.00,11.10,181,7.70),('DE',791872105.89,0.81,255,0.09,99137152426.41,10.04,220,10.06),('DY',202120000.00,0.85,300,0.07,32300000000.00,8.30,87,10.06),('EI',241785000.00,0.81,100,0.09,31574200000.00,13.00,57,10.06),('ET',1032026865.00,0.70,136,0.11,64498706000.00,8.80,154,10.06),('EW',266000000.00,0.84,420,0.11,32121000000.00,12.00,100,10.06),('EY',394000000.00,0.86,150,0.09,72500000000.00,7.90,85,10.06),('F8',791872105.89,0.81,255,0.09,99137152426.41,10.04,220,10.06),('F9',-3000000.00,0.81,271,0.07,60868260000.00,4.30,136,11.30),('FB',791872105.89,0.81,255,0.09,99137152426.41,10.04,220,10.06),('FO',791872105.89,0.81,255,0.09,99137152426.41,10.04,220,10.06),('FZ',791872105.89,0.76,122,0.09,40292000000.00,4.50,84,10.06),('G3',655050679.00,0.84,77,0.09,10732000000.00,10.70,141,11.70),('G4',220981000.00,0.86,552,0.05,30210782000.00,15.50,126,6.20),('GA',309859637.00,0.75,57,0.09,32820000000.00,10.04,137,7.90),('H4',791872105.89,0.81,255,0.09,99137152426.41,10.04,220,10.06),('HA',-293675000.00,0.84,255,0.09,32495734000.00,12.00,62,10.06),('HU',791872105.89,0.81,255,0.09,99137152426.41,10.04,220,10.06),('IB',791872105.89,0.81,255,0.09,99137152426.41,10.04,220,10.06),('JQ',791872105.89,0.81,255,0.09,99137152426.41,10.04,220,10.06),('JT',791872105.89,0.81,255,0.09,99137152426.41,10.04,220,10.06),('KC',129514000.00,0.80,50,0.11,12491000000.00,5.30,49,10.06),('KL',1257000000.00,0.87,300,0.10,106336000000.00,12.00,238,10.06),('KM',791872105.89,0.81,255,0.09,99137152426.41,10.04,220,10.06),('KQ',76000000.00,0.78,42,0.11,14804000000.00,13.50,40,10.06),('KU',791872105.89,0.71,255,0.09,99137152426.41,10.04,220,10.06),('LA',1078165000.00,0.83,148,0.09,137000000000.00,11.48,333,10.06),('LM',11671000.00,0.63,45,0.09,903004000.00,20.00,38,10.06),('LO',286860000.00,0.81,100,0.09,99137152426.41,11.00,76,10.06),('LS',472000000.00,0.91,470,0.09,99137152426.41,15.00,120,10.06),('LX',880000000.00,0.84,220,0.13,55327000000.00,12.00,109,10.06),('LY',267300000.00,0.86,50,0.09,25063000000.00,12.00,46,10.06),('MH',791872105.89,0.81,255,0.09,99137152426.41,10.04,220,10.06),('MO',791872105.89,0.81,255,0.09,99137152426.41,10.04,220,10.06),('N0',-135223000.00,0.74,25,0.05,8672000000.00,6.00,10,10.06),('NH',898899000.00,0.74,195,0.12,85776000000.00,10.04,268,10.06),('NK',-495757000.00,0.81,255,0.07,89565887000.00,6.60,205,11.10),('NQ',791872105.89,0.81,255,0.09,99137152426.41,10.04,220,10.06),('NZ',359000000.00,0.85,255,0.11,34281000000.00,10.00,106,10.00),('OB',791872105.89,0.81,255,0.09,99137152426.41,10.04,220,10.06),('OG',-20686000.00,0.83,76,0.04,5415000000.00,3.00,10,10.06),('OU',4505000.00,0.65,44,0.16,1991000000.00,18.15,12,8.80),('OZ',481273566.00,0.78,255,0.09,43119291000.00,12.10,81,10.06),('PD',791872105.89,0.81,255,0.09,99137152426.41,10.04,220,10.06),('PK',791872105.89,0.81,255,0.09,99137152426.41,10.04,220,10.06),('PR',507044466.00,0.81,97,0.08,43734000000.00,9.20,78,10.06),('PX',791872105.89,0.81,255,0.09,99137152426.41,10.04,220,10.06),('SG',-129156000.00,0.87,255,0.09,18251000000.00,10.04,76,10.06),('SK',-268050000.00,0.75,125,0.11,39736000000.00,8.60,134,10.06),('SN',56000000.00,0.83,200,0.11,18118000000.00,17.00,44,10.06),('SV',791872105.89,0.81,255,0.09,99137152426.41,10.04,220,10.06),('SY',127500000.00,0.86,255,0.11,9726892839.00,15.00,42,6.90),('TG',1177800000.00,0.82,120,0.09,54280000000.00,10.04,70,12.20),('TP',426000000.00,0.81,170,0.09,52797000000.00,10.00,98,10.06),('TS',67726000.00,0.85,255,0.09,99137152426.41,11.00,36,10.06),('U2',581000000.00,0.89,1018,0.06,113334000000.00,9.30,336,10.06),('UO',791872105.89,0.81,255,0.09,99137152426.41,7.10,33,10.06),('VB',107000000.00,0.87,160,0.04,33925000000.00,5.40,81,12.60),('VJ',7593057.00,0.85,125,0.09,99137152426.41,6.00,87,10.06),('VN',-246300000.00,0.79,56,0.08,42200000000.00,10.04,101,10.06),('W6',-485500000.00,0.88,1057,0.05,97779087000.00,4.60,179,11.10),('WY',-258420764.00,0.74,46,0.09,99137152426.41,7.00,50,10.06),('XP',791872105.89,0.81,255,0.09,99137152426.41,10.04,220,10.06),('Y4',222710000.00,0.85,231,0.06,62574000000.00,5.70,129,13.30),('ZW',-36871000.00,0.81,255,0.09,1457629000.00,21.00,63,10.06);
/*!40000 ALTER TABLE `airline_stats` ENABLE KEYS */;
UNLOCK TABLES;

--
-- Table structure for table `airlines`
--

DROP TABLE IF EXISTS `airlines`;
/*!40101 SET @saved_cs_client     = @@character_set_client */;
/*!50503 SET character_set_client = utf8mb4 */;
CREATE TABLE `airlines` (
  `iata_code` varchar(10) NOT NULL,
  `airline_name` varchar(255) DEFAULT NULL,
  `region_id` int DEFAULT NULL,
  `currency_id` int DEFAULT NULL,
  `low_cost_carrier` tinyint(1) DEFAULT NULL,
  `airline_age` int DEFAULT NULL,
  PRIMARY KEY (`iata_code`),
  KEY `region_id` (`region_id`),
  KEY `currency_id` (`currency_id`),
  CONSTRAINT `airlines_ibfk_1` FOREIGN KEY (`region_id`) REFERENCES `regions` (`region_id`),
  CONSTRAINT `airlines_ibfk_2` FOREIGN KEY (`currency_id`) REFERENCES `currencies` (`currency_id`)
) ENGINE=InnoDB DEFAULT CHARSET=utf8mb4 COLLATE=utf8mb4_0900_ai_ci;
/*!40101 SET character_set_client = @saved_cs_client */;

--
-- Dumping data for table `airlines`
--

LOCK TABLES `airlines` WRITE;
/*!40000 ALTER TABLE `airlines` DISABLE KEYS */;
INSERT INTO `airlines` VALUES ('3H','Air Inuit',5,20,0,51),('3M','Silver Airways',5,3,0,51),('5J','Cebu Pacific',6,29,0,36),('6E','IndiGo',6,22,0,18),('9C','Spring Airlines',6,31,0,51),('9E','Endeavour Air',5,3,0,51),('AC','Air Canada',5,20,0,59),('AD','Azul Brazilian Airlines',2,4,0,15),('AF','Air France',4,12,0,51),('AI','Air India',6,22,0,51),('AK','AirAsiaX',6,23,0,18),('AM','Aeromexico',5,21,0,51),('AS','Alaska Airlines',5,3,0,92),('AV','Avianca',2,3,0,104),('AZ','ITA Airways',4,12,0,51),('B6','JetBlue',5,3,0,26),('BR','EVA Air',6,28,0,35),('BT','Air Baltic',4,12,0,29),('CI','China Airlines',6,28,0,65),('CX','Cathay Pacific',6,30,0,78),('DE','Condor',4,12,0,51),('DY','Norwegian',4,16,0,31),('EI','Aer Lingus',4,12,0,30),('ET','Ethiopian Airlines',1,1,0,78),('EW','Eurowings',4,12,0,31),('EY','Etihad',3,8,0,17),('F8','Flair',5,20,0,51),('F9','Frontier Airlines',5,3,0,30),('FB','Bulgaria Air',4,17,0,51),('FO','Flybondi',2,6,0,51),('FZ','Flydubai',3,8,0,16),('G3','GOL',2,4,0,23),('G4','Allegiant Air',5,3,0,27),('GA','Garuda Indonesia',6,3,0,76),('H4','HiSky',4,19,0,51),('HA','Hawaiian Airlines',5,3,0,95),('HU','Hainan Airlines',6,31,0,51),('IB','Iberia',4,12,0,51),('JQ','Jetstar',6,27,0,51),('JT','Lion Air',6,34,0,51),('KC','Air Astana',6,3,0,23),('KL','KLM',4,12,0,105),('KM','Air Malta',4,12,0,51),('KQ','Kenya Airways',1,2,0,47),('KU','Kuwait Airways',3,11,0,51),('LA','LATAM Airlines',2,3,0,95),('LM','Loganair',4,15,0,62),('LO','LOT Polish Airlines',4,14,0,95),('LS','Jet2.com',4,15,0,22),('LX','SWISS',4,18,0,22),('LY','El Al',3,9,0,76),('MH','Malaysian Airlines',6,23,0,51),('MO','Calm Air',5,20,0,51),('N0','Norse Atlantic Airways',4,3,0,3),('NH','ANA',6,36,0,72),('NK','Spirit Airlines',5,3,0,41),('NQ','Air Japan',6,36,0,51),('NZ','Air New Zealand',6,25,0,84),('OB','Boliviana de Aviacion',2,5,0,51),('OG','FlyPlay',4,3,0,5),('OU','Croatia Airlines',4,12,0,35),('OZ','Asiana Airlines',6,35,0,36),('PD','Porter Airlines',5,20,0,51),('PK','PIA',6,33,0,51),('PR','Philippine Airlines',6,29,0,83),('PX','Air Niugini',6,26,0,51),('SG','SpiceJet',6,22,0,40),('SK','Scandinavian Airlines',4,13,0,78),('SN','Brussels Airlines',4,12,0,18),('SV','Saudia',3,7,0,51),('SY','Sun Country Airlines',5,3,0,42),('TG','Thai Airways',6,32,0,64),('TP','TAP Air Portugal',4,12,0,79),('TS','Air Transat',5,20,0,38),('U2','EasyJet',4,15,0,29),('UO','HK Express',6,30,0,51),('VB','Viva Aerobus',5,3,0,18),('VJ','VietJet',6,24,0,17),('VN','Vietnam Airlines',6,24,0,69),('W6','Wizz Air',4,12,0,21),('WY','Oman Air',3,10,0,31),('XP','Avelo Airlines',5,3,0,51),('Y4','Volaris',5,3,0,19),('ZW','Air Wisconsin',5,3,0,58);
/*!40000 ALTER TABLE `airlines` ENABLE KEYS */;
UNLOCK TABLES;

--
-- Table structure for table `cleaned_airline_data`
--

DROP TABLE IF EXISTS `cleaned_airline_data`;
/*!40101 SET @saved_cs_client     = @@character_set_client */;
/*!50503 SET character_set_client = utf8mb4 */;
CREATE TABLE `cleaned_airline_data` (
  `iata_code` text,
  `airline_name` text,
  `region` text,
  `functional_currency` text,
  `ebit_usd` double DEFAULT NULL,
  `load_factor` double DEFAULT NULL,
  `low_cost_carrier` text,
  `airline_age` double DEFAULT NULL,
  `num_routes` double DEFAULT NULL,
  `passenger_yield` double DEFAULT NULL,
  `ask` double DEFAULT NULL,
  `avg_fleet_age` double DEFAULT NULL,
  `fleet_size` double DEFAULT NULL,
  `aircraft_utilisation` double DEFAULT NULL,
  `functional_currency_encoded` double DEFAULT NULL,
  `region_encoded` double DEFAULT NULL,
  `low_cost_carrier_encoded` double DEFAULT NULL,
  `num_routes_fs` double DEFAULT NULL,
  `load_factor_fs` double DEFAULT NULL
) ENGINE=InnoDB DEFAULT CHARSET=utf8mb4 COLLATE=utf8mb4_0900_ai_ci;
/*!40101 SET character_set_client = @saved_cs_client */;

--
-- Dumping data for table `cleaned_airline_data`
--

LOCK TABLES `cleaned_airline_data` WRITE;
/*!40000 ALTER TABLE `cleaned_airline_data` DISABLE KEYS */;
INSERT INTO `cleaned_airline_data` VALUES ('ET','Ethiopian Airlines','Africa','ETB',1032026865,0.703,'N',78,136,0.107,64498706000,8.8,154,10.060476190476189,9,0,0,-0.6059114577527346,0.27075812274368216),('KQ','Kenya Airways','Africa','KES',76000000,0.784,'N',47,42,0.111,14804000000,13.5,40,10.060476190476189,17,0,0,-1.2010201156533387,0.5631768953068592),('LA','LATAM Airlines','Latin America','USD',1078165000,0.831,'N',95,148,0.09,137000000000,11.48,333,10.060476190476189,38,3,0,-0.5299401397228702,0.7328519855595665),('AV','Avianca','Latin America','USD',618544000,0.824,'N',104,147,0.083,54706000000,9.3,140,10.060476190476189,38,3,0,-0.5362710828920256,0.707581227436823),('AD','Azul Brazilian Airlines','Latin America','BRL',596840322,0.804,'Y',15,160,0.101,44006000000,7.4,183,10,5,3,1,-0.45396882169300584,0.6353790613718413),('OB','Boliviana de Aviacion','Latin America','BOB',791872105.8857143,0.8149142857142857,'N',50.605633802816904,254.55555555555554,0.09106896551724138,99137152426.40909,10.04265625,220.40277777777777,10.060476190476189,4,3,0,0.14465702685712897,0.6747808148530172),('FO','Flybondi','Latin America','ARS',791872105.8857143,0.8149142857142857,'Y',50.605633802816904,254.55555555555554,0.09106896551724138,99137152426.40909,10.04265625,220.40277777777777,10.060476190476189,1,3,1,0.14465702685712897,0.6747808148530172),('G3','GOL','Latin America','BRL',655050679,0.84,'Y',23,77,0.088,10732000000,10.7,141,11.7,5,3,1,-0.979437104732901,0.7653429602888084),('SV','Saudia','Middle East','SAR',791872105.8857143,0.8149142857142857,'N',50.605633802816904,254.55555555555554,0.09106896551724138,99137152426.40909,10.04265625,220.40277777777777,10.060476190476189,32,4,0,0.14465702685712897,0.6747808148530172),('FZ','Flydubai','Middle East','AED',791872105.8857143,0.763,'Y',16,122,0.09106896551724138,40292000000,4.5,84,10.060476190476189,0,4,1,-0.6945446621209097,0.4873646209386284),('EY','Etihad','Middle East','AED',394000000,0.858,'Y',17,150,0.09106896551724138,72500000000,7.9,85,10.060476190476189,0,4,1,-0.5172782533845595,0.8303249097472922),('LY','El Al','Middle East','ILS',267300000,0.863,'N',76,50,0.09106896551724138,25063000000,12,46,10.060476190476189,14,4,0,-1.1503725703000958,0.848375451263538),('WY','Oman Air','Middle East','OMR',-258420764,0.74,'N',31,46,0.09106896551724138,99137152426.40909,7,50,10.060476190476189,25,4,0,-1.1756963429767173,0.4043321299638989),('KU','Kuwait Airways','Middle East','KWD',791872105.8857143,0.71,'N',50.605633802816904,254.55555555555554,0.09106896551724138,99137152426.40909,10.04265625,220.40277777777777,10.060476190476189,19,4,0,0.14465702685712897,0.29602888086642576),('EI','Aer Lingus','Europe','EUR',241785000,0.81,'N',30,100,0.09,31574200000,13,57,10.060476190476189,10,2,0,-0.8338254118423277,0.6570397111913358),('IB','Iberia','Europe','EUR',791872105.8857143,0.8149142857142857,'N',50.605633802816904,254.55555555555554,0.09106896551724138,99137152426.40909,10.04265625,220.40277777777777,10.060476190476189,10,2,0,0.14465702685712897,0.6747808148530172),('AF','Air France','Europe','EUR',791872105.8857143,0.8149142857142857,'N',50.605633802816904,254.55555555555554,0.09106896551724138,99137152426.40909,10.04265625,220.40277777777777,10.060476190476189,10,2,0,0.14465702685712897,0.6747808148530172),('W6','Wizz Air','Europe','EUR',-485500000,0.878,'Y',21,1057,0.047,97779087000,4.6,179,11.1,10,2,1,5.224887201039355,0.9025270758122743),('SK','Scandinavian Airlines','Europe','SEK',-268050000,0.754,'N',78,125,0.107,39736000000,8.6,134,10.060476190476189,33,2,0,-0.6755518326134435,0.45487364620938653),('LO','LOT Polish Airlines','Europe','PLN',286860000,0.8149142857142857,'N',95,100,0.09106896551724138,99137152426.40909,11,76,10.060476190476189,29,2,0,-0.8338254118423277,0.6747808148530172),('DE','Condor','Europe','EUR',791872105.8857143,0.8149142857142857,'N',50.605633802816904,254.55555555555554,0.09106896551724138,99137152426.40909,10.04265625,220.40277777777777,10.060476190476189,10,2,0,0.14465702685712897,0.6747808148530172),('BT','Air Baltic','Europe','EUR',88623000,0.767,'N',29,126,0.089,8213000000,3.1,46,6.9,10,2,0,-0.6692208894442883,0.5018050541516246),('U2','EasyJet','Europe','GBP',581000000,0.893,'Y',29,1018,0.062,113334000000,9.3,336,10.060476190476189,11,2,1,4.9779804174422955,0.9566787003610111),('DY','Norwegian','Europe','NOK',202120000,0.847,'Y',31,300,0.068,32300000000,8.3,87,10.060476190476189,23,2,1,0.432363221988745,0.7906137184115525),('N0','Norse Atlantic Airways','Europe','USD',-135223000,0.74,'Y',3,25,0.046,8672000000,6,10,10.060476190476189,38,2,1,-1.3086461495289798,0.4043321299638989),('KL','KLM','Europe','EUR',1257000000,0.871,'N',105,300,0.102,106336000000,12,238,10.060476190476189,10,2,0,0.432363221988745,0.8772563176895307),('FB','Bulgaria Air','Europe','BGN',791872105.8857143,0.8149142857142857,'N',50.605633802816904,254.55555555555554,0.09106896551724138,99137152426.40909,10.04265625,220.40277777777777,10.060476190476189,3,2,0,0.14465702685712897,0.6747808148530172),('LM','Loganair','Europe','GBP',11671000,0.628,'N',62,45,0.09106896551724138,903004000,20,38,10.060476190476189,11,2,0,-1.1820272861458727,0),('OG','FlyPlay','Europe','USD',-20686000,0.83,'Y',5,76,0.043,5415000000,3,10,10.060476190476189,38,2,1,-0.9857680479020564,0.7292418772563174),('KM','Air Malta','Europe','EUR',791872105.8857143,0.8149142857142857,'N',50.605633802816904,254.55555555555554,0.09106896551724138,99137152426.40909,10.04265625,220.40277777777777,10.060476190476189,10,2,0,0.14465702685712897,0.6747808148530172),('OU','Croatia Airlines','Europe','EUR',4505000,0.653,'N',35,44,0.16,1991000000,18.15,12,8.8,10,2,0,-1.188358229315028,0.09025270758122739),('AZ','ITA Airways','Europe','EUR',791872105.8857143,0.8149142857142857,'N',50.605633802816904,254.55555555555554,0.09106896551724138,99137152426.40909,10.04265625,220.40277777777777,10.060476190476189,10,2,0,0.14465702685712897,0.6747808148530172),('TP','TAP Air Portugal','Europe','EUR',426000000,0.808,'N',79,170,0.093,52797000000,10,98,10.060476190476189,10,2,0,-0.3906593900014522,0.6498194945848379),('LS','Jet2.com','Europe','GBP',472000000,0.905,'Y',22,470,0.09106896551724138,99137152426.40909,15,120,10.060476190476189,11,2,1,1.5086235607451568,1),('EW','Eurowings','Europe','EUR',266000000,0.841,'N',31,420,0.106,32121000000,12,100,10.060476190476189,10,2,0,1.1920764022873886,0.7689530685920576),('SN','Brussels Airlines','Europe','EUR',56000000,0.825,'N',18,200,0.11,18118000000,17,44,10.060476190476189,10,2,0,-0.20073109492679134,0.7111913357400721),('LX','SWISS','Europe','CHF',880000000,0.844,'N',22,220,0.13,55327000000,12,109,10.060476190476189,7,2,0,-0.07411223154368406,0.779783393501805),('H4','HiSky','Europe','MDL',791872105.8857143,0.8149142857142857,'Y',50.605633802816904,254.55555555555554,0.09106896551724138,99137152426.40909,10.04265625,220.40277777777777,10.060476190476189,20,2,1,0.14465702685712897,0.6747808148530172),('AC','Air Canada','North America','CAD',1720000000,0.867,'N',59,254.55555555555554,0.106,61536000000,11.9,243,10.060476190476189,6,5,0,0.14465702685712897,0.8628158844765341),('B6','JetBlue','North America','USD',-230000000,0.826,'N',26,254.55555555555554,0.099,110235000000,12.3,300,10.060476190476189,38,5,0,0.14465702685712897,0.7148014440433212),('Y4','Volaris','North America','USD',222710000,0.85,'Y',19,231,0.058,62574000000,5.7,129,13.3,38,5,1,-0.0044718566829750625,0.8014440433212995),('F9','Frontier Airlines','North America','USD',-3000000,0.814,'Y',30,271,0.071,60868260000,4.3,136,11.3,38,5,1,0.24876587008323947,0.6714801444043319),('VB','Viva Aerobus','North America','USD',107000000,0.867,'Y',18,160,0.037,33925000000,5.4,81,12.6,38,5,1,-0.45396882169300584,0.8628158844765341),('HA','Hawaiian Airlines','North America','USD',-293675000,0.835,'N',95,254.55555555555554,0.091,32495734000,12,62,10.060476190476189,38,5,0,0.14465702685712897,0.7472924187725631),('F8','Flair','North America','CAD',791872105.8857143,0.8149142857142857,'Y',50.605633802816904,254.55555555555554,0.09106896551724138,99137152426.40909,10.04265625,220.40277777777777,10.060476190476189,6,5,1,0.14465702685712897,0.6747808148530172),('AS','Alaska Airlines','North America','USD',394000000,0.837,'N',92,254.55555555555554,0.103,110255000000,8.4,314,11.4,38,5,0,0.14465702685712897,0.7545126353790614),('NK','Spirit Airlines','North America','USD',-495757000,0.813,'Y',41,254.55555555555554,0.074,89565887000,6.6,205,11.1,38,5,1,0.14465702685712897,0.6678700361010828),('G4','Allegiant Air','North America','USD',220981000,0.859,'N',27,552,0.047,30210782000,15.5,126,6.2,38,5,0,2.0277609006158963,0.8339350180505414),('AM','Aeromexico','North America','MXN',791872105.8857143,0.8149142857142857,'N',50.605633802816904,254.55555555555554,0.09106896551724138,99137152426.40909,10.04265625,220.40277777777777,10.060476190476189,21,5,0,0.14465702685712897,0.6747808148530172),('PD','Porter Airlines','North America','CAD',791872105.8857143,0.8149142857142857,'N',50.605633802816904,254.55555555555554,0.09106896551724138,99137152426.40909,10.04265625,220.40277777777777,10.060476190476189,6,5,0,0.14465702685712897,0.6747808148530172),('TS','Air Transat','North America','CAD',67726000,0.85,'N',38,254.55555555555554,0.09106896551724138,99137152426.40909,11,36,10.060476190476189,6,5,0,0.14465702685712897,0.8014440433212995),('9E','Endeavour Air','North America','USD',791872105.8857143,0.8149142857142857,'N',50.605633802816904,254.55555555555554,0.09106896551724138,99137152426.40909,10.04265625,220.40277777777777,10.060476190476189,38,5,0,0.14465702685712897,0.6747808148530172),('ZW','Air Wisconsin','North America','USD',-36871000,0.8149142857142857,'N',58,254.55555555555554,0.09106896551724138,1457629000,21,63,10.060476190476189,38,5,0,0.14465702685712897,0.6747808148530172),('3M','Silver Airways','North America','USD',791872105.8857143,0.8149142857142857,'N',50.605633802816904,254.55555555555554,0.09106896551724138,99137152426.40909,10.04265625,220.40277777777777,10.060476190476189,38,5,0,0.14465702685712897,0.6747808148530172),('SY','Sun Country Airlines','North America','USD',127500000,0.863,'N',42,254.55555555555554,0.11,9726892839,15,42,6.9,38,5,0,0.14465702685712897,0.848375451263538),('XP','Avelo Airlines','North America','USD',791872105.8857143,0.8149142857142857,'Y',50.605633802816904,254.55555555555554,0.09106896551724138,99137152426.40909,10.04265625,220.40277777777777,10.060476190476189,38,5,1,0.14465702685712897,0.6747808148530172),('3H','Air Inuit','North America','CAD',791872105.8857143,0.8149142857142857,'N',50.605633802816904,254.55555555555554,0.09106896551724138,99137152426.40909,10.04265625,220.40277777777777,10.060476190476189,6,5,0,0.14465702685712897,0.6747808148530172),('MO','Calm Air','North America','CAD',791872105.8857143,0.8149142857142857,'N',50.605633802816904,254.55555555555554,0.09106896551724138,99137152426.40909,10.04265625,220.40277777777777,10.060476190476189,6,5,0,0.14465702685712897,0.6747808148530172),('6E','IndiGo','Asia Pacific','INR',1216149848,0.821,'Y',18,400,0.066,114359000000,3.5,300,16,15,1,1,1.0654575389042813,0.6967509025270755),('AK','AirAsiaX','Asia Pacific','MYR',104259000,0.8,'Y',18,254.55555555555554,0.03,15604000000,12.1,18,10.060476190476189,22,1,1,0.14465702685712897,0.6209386281588452),('AI','Air India','Asia Pacific','INR',791872105.8857143,0.8149142857142857,'N',50.605633802816904,254.55555555555554,0.09106896551724138,99137152426.40909,10.04265625,220.40277777777777,10.060476190476189,15,1,0,0.14465702685712897,0.6747808148530172),('VN','Vietnam Airlines','Asia Pacific','VND',-246300000,0.788,'N',69,56,0.081,42200000000,10.04265625,101,10.060476190476189,39,1,0,-1.1123869112851636,0.5776173285198558),('NZ','Air New Zealand','Asia Pacific','NZD',359000000,0.847,'N',84,254.55555555555554,0.112,34281000000,10,106,10,24,1,0,0.14465702685712897,0.7906137184115525),('PX','Air Niugini','Asia Pacific','PGK',791872105.8857143,0.8149142857142857,'N',50.605633802816904,254.55555555555554,0.09106896551724138,99137152426.40909,10.04265625,220.40277777777777,10.060476190476189,26,1,0,0.14465702685712897,0.6747808148530172),('JQ','Jetstar','Asia Pacific','AUD',791872105.8857143,0.8149142857142857,'Y',50.605633802816904,254.55555555555554,0.09106896551724138,99137152426.40909,10.04265625,220.40277777777777,10.060476190476189,2,1,1,0.14465702685712897,0.6747808148530172),('CI','China Airlines','Asia Pacific','TWD',214736800,0.789,'N',65,300,0.098,48984014000,10.04265625,84,10.060476190476189,37,1,0,0.432363221988745,0.581227436823105),('KC','Air Astana','Asia Pacific','USD',129514000,0.8,'N',23,50,0.114,12491000000,5.3,49,10.060476190476189,38,1,0,-1.1503725703000958,0.6209386281588452),('BR','EVA Air','Asia Pacific','TWD',962786980,0.831,'N',35,254.55555555555554,0.087,60905046000,10.04265625,87,10.060476190476189,37,1,0,0.14465702685712897,0.7328519855595665),('MH','Malaysian Airlines','Asia Pacific','MYR',791872105.8857143,0.8149142857142857,'N',50.605633802816904,254.55555555555554,0.09106896551724138,99137152426.40909,10.04265625,220.40277777777777,10.060476190476189,22,1,0,0.14465702685712897,0.6747808148530172),('VJ','VietJet','Asia Pacific','VND',7593057,0.85,'Y',17,125,0.09106896551724138,99137152426.40909,6,87,10.060476190476189,39,1,1,-0.6755518326134435,0.8014440433212995),('5J','Cebu Pacific','Asia Pacific','PHP',154889735,0.84,'Y',36,104,0.051,27573157304,5.9,88,10.060476190476189,27,1,1,-0.8085016391657062,0.7653429602888084),('GA','Garuda Indonesia','Asia Pacific','USD',309859637,0.749,'N',76,57,0.085,32820000000,10.04265625,137,7.9,38,1,0,-1.1060559681160083,0.4368231046931408),('CX','Cathay Pacific','Asia Pacific','HKD',1664200000,0.857,'N',78,180,0.098,85607000000,11.1,181,7.7,12,1,0,-0.3273499583098986,0.8267148014440431),('HU','Hainan Airlines','Asia Pacific','CNY',791872105.8857143,0.8149142857142857,'N',50.605633802816904,254.55555555555554,0.09106896551724138,99137152426.40909,10.04265625,220.40277777777777,10.060476190476189,8,1,0,0.14465702685712897,0.6747808148530172),('PR','Philippine Airlines','Asia Pacific','PHP',507044466,0.81,'N',83,97,0.082,43734000000,9.2,78,10.060476190476189,27,1,0,-0.8528182413497938,0.6570397111913358),('TG','Thai Airways','Asia Pacific','THB',1177800000,0.823,'N',64,120,0.09,54280000000,10.04265625,70,12.2,35,1,0,-0.7072065484592204,0.7039711191335738),('SG','SpiceJet','Asia Pacific','INR',-129156000,0.87,'N',40,254.55555555555554,0.09106896551724138,18251000000,10.04265625,76,10.060476190476189,15,1,0,0.14465702685712897,0.8736462093862816),('PK','PIA','Asia Pacific','PKR',791872105.8857143,0.8149142857142857,'N',50.605633802816904,254.55555555555554,0.09106896551724138,99137152426.40909,10.04265625,220.40277777777777,10.060476190476189,28,1,0,0.14465702685712897,0.6747808148530172),('JT','Lion Air','Asia Pacific','IDR',791872105.8857143,0.8149142857142857,'Y',50.605633802816904,254.55555555555554,0.09106896551724138,99137152426.40909,10.04265625,220.40277777777777,10.060476190476189,13,1,1,0.14465702685712897,0.6747808148530172),('OZ','Asiana Airlines','Asia Pacific','KRW',481273566,0.78,'N',36,254.55555555555554,0.09106896551724138,43119291000,12.1,81,10.060476190476189,18,1,0,0.14465702685712897,0.5487364620938631),('9C','Spring Airlines','Asia Pacific','CNY',791872105.8857143,0.8149142857142857,'Y',50.605633802816904,254.55555555555554,0.09106896551724138,99137152426.40909,10.04265625,220.40277777777777,10.060476190476189,8,1,1,0.14465702685712897,0.6747808148530172),('NH','ANA','Asia Pacific','JPY',898899000,0.736,'N',72,195,0.123,85776000000,10.04265625,268,10.060476190476189,16,1,0,-0.23238581077256815,0.38989169675090274),('NQ','Air Japan','Asia Pacific','JPY',791872105.8857143,0.8149142857142857,'Y',50.605633802816904,254.55555555555554,0.09106896551724138,99137152426.40909,10.04265625,220.40277777777777,10.060476190476189,16,1,1,0.14465702685712897,0.6747808148530172),('UO','HK Express','Asia Pacific','HKD',791872105.8857143,0.8149142857142857,'Y',50.605633802816904,254.55555555555554,0.09106896551724138,99137152426.40909,7.1,33,10.060476190476189,12,1,1,0.14465702685712897,0.6747808148530172);
/*!40000 ALTER TABLE `cleaned_airline_data` ENABLE KEYS */;
UNLOCK TABLES;

--
-- Table structure for table `currencies`
--

DROP TABLE IF EXISTS `currencies`;
/*!40101 SET @saved_cs_client     = @@character_set_client */;
/*!50503 SET character_set_client = utf8mb4 */;
CREATE TABLE `currencies` (
  `currency_id` int NOT NULL AUTO_INCREMENT,
  `currency_name` varchar(10) DEFAULT NULL,
  PRIMARY KEY (`currency_id`),
  UNIQUE KEY `currency_name` (`currency_name`)
) ENGINE=InnoDB AUTO_INCREMENT=64 DEFAULT CHARSET=utf8mb4 COLLATE=utf8mb4_0900_ai_ci;
/*!40101 SET character_set_client = @saved_cs_client */;

--
-- Dumping data for table `currencies`
--

LOCK TABLES `currencies` WRITE;
/*!40000 ALTER TABLE `currencies` DISABLE KEYS */;
INSERT INTO `currencies` VALUES (8,'AED'),(6,'ARS'),(27,'AUD'),(17,'BGN'),(5,'BOB'),(4,'BRL'),(20,'CAD'),(18,'CHF'),(31,'CNY'),(1,'ETB'),(12,'EUR'),(15,'GBP'),(30,'HKD'),(34,'IDR'),(9,'ILS'),(22,'INR'),(36,'JPY'),(2,'KES'),(35,'KRW'),(11,'KWD'),(19,'MDL'),(21,'MXN'),(23,'MYR'),(16,'NOK'),(25,'NZD'),(10,'OMR'),(26,'PGK'),(29,'PHP'),(33,'PKR'),(14,'PLN'),(7,'SAR'),(13,'SEK'),(32,'THB'),(28,'TWD'),(3,'USD'),(24,'VND');
/*!40000 ALTER TABLE `currencies` ENABLE KEYS */;
UNLOCK TABLES;

--
-- Table structure for table `regions`
--

DROP TABLE IF EXISTS `regions`;
/*!40101 SET @saved_cs_client     = @@character_set_client */;
/*!50503 SET character_set_client = utf8mb4 */;
CREATE TABLE `regions` (
  `region_id` int NOT NULL AUTO_INCREMENT,
  `region_name` varchar(100) DEFAULT NULL,
  PRIMARY KEY (`region_id`),
  UNIQUE KEY `region_name` (`region_name`)
) ENGINE=InnoDB AUTO_INCREMENT=8 DEFAULT CHARSET=utf8mb4 COLLATE=utf8mb4_0900_ai_ci;
/*!40101 SET character_set_client = @saved_cs_client */;

--
-- Dumping data for table `regions`
--

LOCK TABLES `regions` WRITE;
/*!40000 ALTER TABLE `regions` DISABLE KEYS */;
INSERT INTO `regions` VALUES (1,'Africa'),(6,'Asia Pacific'),(4,'Europe'),(2,'Latin America'),(3,'Middle East'),(5,'North America');
/*!40000 ALTER TABLE `regions` ENABLE KEYS */;
UNLOCK TABLES;
/*!40103 SET TIME_ZONE=@OLD_TIME_ZONE */;

/*!40101 SET SQL_MODE=@OLD_SQL_MODE */;
/*!40014 SET FOREIGN_KEY_CHECKS=@OLD_FOREIGN_KEY_CHECKS */;
/*!40014 SET UNIQUE_CHECKS=@OLD_UNIQUE_CHECKS */;
/*!40101 SET CHARACTER_SET_CLIENT=@OLD_CHARACTER_SET_CLIENT */;
/*!40101 SET CHARACTER_SET_RESULTS=@OLD_CHARACTER_SET_RESULTS */;
/*!40101 SET COLLATION_CONNECTION=@OLD_COLLATION_CONNECTION */;
/*!40111 SET SQL_NOTES=@OLD_SQL_NOTES */;

-- Dump completed on 2025-07-31 14:13:30
